Region,Date,Estimated Unemployment Rate (%),Estimated Employed,Estimated Labour Participation Rate (%)
Maharashtra,2019-05-31,7.621780831931537,49.260714596148745,54.6398788362281
Maharashtra,2019-06-30,9.190609389379256,37.34027960663655,43.11989040672405
Maharashtra,2019-07-31,5.406585285177396,47.992642186624025,52.022300234864176
Maharashtra,2019-08-31,9.956508044572319,35.308767414437035,59.39819704323989
Maharashtra,2019-09-30,10.827098485602953,38.18508666017414,43.63649934414201
Maharashtra,2019-10-31,6.283831568974037,39.563633644393065,50.49512863264476
Maharashtra,2019-11-30,8.023615130494811,39.36843710297063,52.23705789444759
Maharashtra,2019-12-31,5.976457024564293,39.38216972802827,47.327236865873836
Maharashtra,2020-01-31,8.192489889519251,46.777639420895206,43.993475643167194
Maharashtra,2020-02-29,8.59964106889528,43.88621853293064,40.92900825439995
Maharashtra,2020-03-31,21.81067581861944,35.975773894779195,58.977710745066666
Maharashtra,2020-04-30,33.88538445326883,39.56920653760056,41.953442280127675
Maharashtra,2020-05-31,26.39191859167912,36.830573522671685,49.903538202225405
Maharashtra,2020-06-30,28.88052567898826,38.881699724000256,53.25044568707964
Delhi,2019-05-31,7.181977532625877,42.80102031766716,50.934205586865595
Delhi,2019-06-30,6.293981188678689,49.54376941646838,55.502656467222295
Delhi,2019-07-31,11.576492590949325,48.422410256414736,51.9579995762217
Delhi,2019-08-31,11.453119645161818,36.32738753077879,43.919657248382904
Delhi,2019-09-30,5.316591022373767,39.879954961448966,47.77354579378964
Delhi,2019-10-31,6.899443222417272,47.43106263727894,47.135066533871786
Delhi,2019-11-30,6.966541567811666,43.14044124737373,42.818484499495256
Delhi,2019-12-31,10.615378865278277,36.11825965519656,59.73773873201034
Delhi,2020-01-31,10.405713385076602,37.98073522301259,40.11044234247205
Delhi,2020-02-29,10.708229999183839,45.60286015771426,54.58014336081975
Delhi,2020-03-31,21.509562202812976,40.37698592816409,42.317381190502594
Delhi,2020-04-30,30.391195883542526,39.963470372789736,41.27116700572047
Delhi,2020-05-31,22.05462608241084,45.94409267507096,52.75114942710427
Delhi,2020-06-30,28.293713075463526,36.79391368907453,54.2648957444599
Tamil Nadu,2019-05-31,10.325495340318282,43.419157963542446,55.41934359909122
Tamil Nadu,2019-06-30,8.456569174550735,42.84099244072991,48.55082036717099
Tamil Nadu,2019-07-31,5.177933887208666,36.61837140489957,40.628583713734685
Tamil Nadu,2019-08-31,9.454872878846462,39.715339716144896,50.17141382329406
Tamil Nadu,2019-09-30,11.352965317482651,38.73938343723312,48.207658460712594
Tamil Nadu,2019-10-31,10.288857969801342,38.431972482374334,41.53959819657586
Tamil Nadu,2019-11-30,7.028260170396376,37.41831930881007,58.59395304685146
Tamil Nadu,2019-12-31,10.656842656950918,44.50105634765635,57.429211803754356
Tamil Nadu,2020-01-31,10.625704538293801,37.79855088329054,57.85117996979956
Tamil Nadu,2020-02-29,8.775395693409555,47.111602327460936,57.92182599846986
Tamil Nadu,2020-03-31,18.8768031927182,38.41902743812913,48.54215577252513
Tamil Nadu,2020-04-30,33.63706211030261,35.10428195796786,50.214946051551316
Tamil Nadu,2020-05-31,21.253494179102407,36.79798051000524,46.75230342807256
Tamil Nadu,2020-06-30,26.44841190769896,42.78185932615049,54.060379177903556
Karnataka,2019-05-31,7.545407216655057,49.57673124081441,59.24894589884222
Karnataka,2019-06-30,6.762476070777549,42.458727588385784,46.017566196335395
Karnataka,2019-07-31,6.993883460642273,35.55330421031799,52.19128667959794
Karnataka,2019-08-31,8.51875316260203,35.77218126874984,45.572929284732226
Karnataka,2019-09-30,11.357861201766575,38.59342836000459,42.89789744182446
Karnataka,2019-10-31,8.426169321942941,49.78475681165901,44.84110543023001
Karnataka,2019-11-30,9.70494883184115,46.424294229930766,44.752750879847994
Karnataka,2019-12-31,10.097514440283017,40.516746990788796,52.64611661187159
Karnataka,2020-01-31,9.434707975326262,43.03662026112138,41.80579540108817
Karnataka,2020-02-29,10.847117469124665,39.81170097457604,43.73037020799708
Karnataka,2020-03-31,24.148820138706974,45.163465427634236,40.331756578557126
Karnataka,2020-04-30,21.982088036064034,44.677591856141746,43.48732858009983
Karnataka,2020-05-31,25.637594361225325,49.050949831051014,42.75041888291987
Karnataka,2020-06-30,19.089567275960647,48.87040427417844,57.54678706761962
Uttar Pradesh,2019-05-31,6.80559139400609,44.899760690512686,56.34444400402432
Uttar Pradesh,2019-06-30,8.886405681196237,42.9447586753401,44.83704581800903
Uttar Pradesh,2019-07-31,5.651719374641295,48.458236369299904,58.00836114326661
Uttar Pradesh,2019-08-31,9.431710200912875,40.08544686573051,46.98419149225322
Uttar Pradesh,2019-09-30,10.081689752091677,48.45665389928865,57.741728485302346
Uttar Pradesh,2019-10-31,10.459128821003368,44.630474692314316,41.68279929990098
Uttar Pradesh,2019-11-30,6.131400998662296,48.47831282790619,52.1285811931918
Uttar Pradesh,2019-12-31,5.064379361316408,36.52207314299048,53.27003538216111
Uttar Pradesh,2020-01-31,5.035431086923531,37.41212077126248,50.97467578733172
Uttar Pradesh,2020-02-29,9.843266383848853,44.779418892539006,44.4853861892112
Uttar Pradesh,2020-03-31,23.54399086188475,39.88099547238902,54.92982810236048
Uttar Pradesh,2020-04-30,32.28578145074317,44.86419338450515,51.36617206670943
Uttar Pradesh,2020-05-31,21.17146042068815,38.97803551522588,44.87979286758167
Uttar Pradesh,2020-06-30,27.707539753268527,48.3806983276567,52.62277251994526
West Bengal,2019-05-31,10.56367912479154,42.53955639657788,51.53807769252718
West Bengal,2019-06-30,8.447623856732047,37.92864481697067,54.44904230523011
West Bengal,2019-07-31,6.965406537085991,35.364739496471806,52.909445918143355
West Bengal,2019-08-31,6.239774755849343,49.106878765293715,59.07857154005175
West Bengal,2019-09-30,11.40405073154314,40.552380503831664,40.30913233057735
West Bengal,2019-10-31,11.498229938114077,41.422762224759715,59.33309638087339
West Bengal,2019-11-30,11.74533983962477,47.7951418320104,45.888977841391714
West Bengal,2019-12-31,7.695684100213477,47.76705007275285,46.33844010312555
West Bengal,2020-01-31,6.186449226802647,43.352018936875254,58.723095483215616
West Bengal,2020-02-29,9.87220857672481,43.550917551340476,41.94352987541537
West Bengal,2020-03-31,34.15585833845814,37.10126022854786,50.36659304727473
West Bengal,2020-04-30,32.25314076980875,45.45523611492902,54.049681679742186
West Bengal,2020-05-31,21.920315722505684,47.140417332177705,56.20226789358362
West Bengal,2020-06-30,34.76811451840779,42.67013598291407,50.03032589374399
Gujarat,2019-05-31,10.588066252767426,44.74945896166648,54.03933754515407
Gujarat,2019-06-30,10.570548686052707,48.350080127263496,46.75990313703072
Gujarat,2019-07-31,7.629080668479608,36.40972909761304,51.565602819923484
Gujarat,2019-08-31,5.251595916577195,41.983970271986905,50.852892694151535
Gujarat,2019-09-30,7.005788764897991,43.86249890853516,40.61000499878099
Gujarat,2019-10-31,5.261437321244501,47.33900840989487,47.20381282822526
Gujarat,2019-11-30,5.889423588563194,42.83364890082207,55.39987106197222
Gujarat,2019-12-31,6.510747192477902,44.343357137285004,41.70694929987536
Gujarat,2020-01-31,5.361772048180254,42.97031947352222,50.81270243220213
Gujarat,2020-02-29,9.462009310487446,45.891370005839924,59.517041589250695
Gujarat,2020-03-31,23.458449532227057,46.92779292153055,45.416645025241486
Gujarat,2020-04-30,19.249645665073444,35.38026115123186,59.2529682935585
Gujarat,2020-05-31,31.29147393499091,41.13429416621405,43.46588640141692
Gujarat,2020-06-30,19.848702771166533,43.23839997059181,54.29191845400125
Bihar,2019-05-31,9.621381637024118,39.19900845418914,59.097305613263885
Bihar,2019-06-30,10.165278416870379,43.31531078767101,52.234414924687044
Bihar,2019-07-31,7.937200436994529,38.715964842517366,47.11945357302523
Bihar,2019-08-31,10.304922773250585,35.21590232944634,42.321452810138325
Bihar,2019-09-30,5.322018494152269,35.610932034784554,57.10921168022014
Bihar,2019-10-31,9.925605015660166,42.11260743630988,41.95668321302003
Bihar,2019-11-30,8.441311125817826,42.102076561708486,43.464037398200304
Bihar,2019-12-31,8.036961544665811,40.9775710159606,52.317001961044326
Bihar,2020-01-31,9.445655556073508,35.67956014658067,47.49225229252942
Bihar,2020-02-29,9.381019409999656,42.54704387870132,57.12979682376644
Bihar,2020-03-31,22.05487182755406,36.058531211006446,52.84838556412631
Bihar,2020-04-30,23.972212892893303,49.10345362137436,51.509483557517584
Bihar,2020-05-31,27.36651276008095,41.87379335737275,50.9123357863187
Bihar,2020-06-30,27.381793228447293,49.41785845735871,58.107012839121275
Kerala,2019-05-31,6.3705379435250755,36.04041951312748,42.01556002754853
Kerala,2019-06-30,5.127552779560848,36.41664441133893,53.66013546832714
Kerala,2019-07-31,5.498320539221603,39.78463445440642,56.897506219389086
Kerala,2019-08-31,5.162903550150781,47.217027238834035,45.637095495467996
Kerala,2019-09-30,5.827153793351593,45.45105748046226,52.57885693559768
Kerala,2019-10-31,11.14230409468937,46.02606565705828,56.06961860769697
Kerala,2019-11-30,6.974242007999146,37.661593156695844,55.012295032817164
Kerala,2019-12-31,10.647843174870848,49.8575771300101,48.25235353822853
Kerala,2020-01-31,7.604126600549482,46.646194411129954,46.816070805060356
Kerala,2020-02-29,11.515301279224953,47.87619127764518,48.579880547500366
Kerala,2020-03-31,31.574240585810717,36.54685803253899,58.05105813359133
Kerala,2020-04-30,30.933628598751124,39.80074401545917,57.91046456992401
Kerala,2020-05-31,17.88697652334362,48.58072964628896,41.82573353572267
Kerala,2020-06-30,31.486124968894977,49.25910720406334,51.46875776246572
Andhra Pradesh,2019-05-31,9.422860485188595,41.7266828296748,45.86421543396129
Andhra Pradesh,2019-06-30,7.3006518175894115,45.08777684115557,55.047490588753604
Andhra Pradesh,2019-07-31,10.54105330608094,46.84427214191831,41.82412206097381
Andhra Pradesh,2019-08-31,8.46094213291807,35.863381400249665,50.99057764647471
Andhra Pradesh,2019-09-30,8.09071350961364,48.31556274137449,47.01830025104157
Andhra Pradesh,2019-10-31,5.819469114993241,37.144875230792536,55.23021263434944
Andhra Pradesh,2019-11-30,9.327526443213827,36.516840141841854,41.68213612229995
Andhra Pradesh,2019-12-31,9.90678392021384,36.0914450954629,56.437201185807126
Andhra Pradesh,2020-01-31,9.943695590095473,36.22023170962849,41.69675428170384
Andhra Pradesh,2020-02-29,11.90647704950823,40.614061936341805,47.412842941337814
Andhra Pradesh,2020-03-31,34.8983256315604,49.790015957343066,55.067563705178834
Andhra Pradesh,2020-04-30,18.88632784919644,46.65720373891155,51.1680849947161
Andhra Pradesh,2020-05-31,31.56486984114987,36.66796223459227,49.85250208581718
Andhra Pradesh,2020-06-30,22.10938514328383,35.84454913522756,42.37635832536144
